metric_category,metric_name,healthy_target,failure_signal,measurement_window,applies_to,source_article,notes
Activation,Day-1 Activation Rate,≥30%,<10%,First 24-48 hours post-GA,Standard SaaS + AI Products,launch-metrics-success-criteria,"Activation event must be a specific high-value action (e.g. integrating a DB or sending first invoice) — not just login"
Activation,Time-to-First-Value (TTFV),<24 hours,>72 hours,Days 1-3 post-GA,Standard SaaS + AI Products,launch-metrics-success-criteria,"In B2B SaaS: TTFV >24hrs correlates with sharply higher abandonment. TTFV >72hrs signals critical onboarding friction requiring immediate intervention"
Retention,Day-14 Retention Rate,Above pre-launch threshold (set from beta cohort),Flatline or drop after Day-3 spike,Days 14-30 post-GA,Standard SaaS + AI Products,launch-metrics-success-criteria + go-to-market-strategy-framework,"A Day-1 spike that flatlines by Day-3 indicates curiosity but failed utility delivery"
Retention,Day-30 Retention Rate,Above beta cohort baseline,Continued negative slope from Day-14,Days 30-60 post-GA,Standard SaaS + AI Products,launch-metrics-success-criteria,"Cannot confirm product-market fit until Day-90 cohort renewal rates are analyzed"
Retention,Day-90 Cohort Renewal,Confirms PMF — positive slope,Continued churn acceleration,Days 60-90 post-GA,Standard SaaS + AI Products,launch-metrics-success-criteria,"True commercial success cannot be confirmed before analyzing 90-day retention and cohort renewal rates"
Bug Quality,P0 Bug Count at GA,0 (zero),Any single P0 open bug,T-14 days before GA,Standard SaaS + AI Products,beta-to-ga-rollout-plan + product-launch-checklist,"Hard gate — no exceptions. One team that waived P2 exit criteria to hit Q3 revenue deadline saw 40% support ticket spike and degraded Day-30 retention"
Bug Quality,P1 Bug Count at GA,0 (zero),Any single P1 open bug,T-14 days before GA,Standard SaaS + AI Products,beta-to-ga-rollout-plan + product-launch-checklist,"Non-negotiable. Calendar deadlines do not override exit criteria"
Beta Duration,Beta Phase Length,4-12 weeks (criteria-driven),Exiting before all criteria are met,Duration of beta phase,Standard SaaS + AI Products,beta-to-ga-rollout-plan,"Duration is determined by reaching exit criteria — not by hitting an arbitrary calendar date"
Beta Activation,Beta Cohort Activation Rate,Target % defined pre-launch (varies),Below pre-defined minimum threshold,Duration of beta phase,Standard SaaS + AI Products,beta-to-ga-rollout-plan,"Use closed beta cohort data to set the GA activation baseline — not industry averages"
Ring Deployment,Ring 0 Traffic Exposure,Internal employees only,Any external user access at Ring 0,GA day — initial,Standard SaaS + AI Products,beta-to-ga-rollout-plan,"Smoke test ring. Advance only after internal validation"
Ring Deployment,Ring 1 Traffic Exposure,5% external traffic,Error rate or latency exceeding defined SLA,First 30-60 minutes of Ring 1,Standard SaaS + AI Products,beta-to-ga-rollout-plan,"Monitor API latency and database load. If metrics spike negatively: revert the feature flag immediately"
Ring Deployment,Ring 2 Traffic Exposure,25% external traffic,Error rate or latency exceeding defined SLA,Ring 2 observation window,Standard SaaS + AI Products,beta-to-ga-rollout-plan,"Broader load behavior testing. Do not advance to Ring 3 without a clean observation window"
Ring Deployment,Ring 3 Traffic Exposure,100% GA,Post-launch error rate exceeding SLA,Ongoing post-GA,Standard SaaS + AI Products,beta-to-ga-rollout-plan,"Full SLA monitoring begins at Ring 3"
Trial Design,Recommended Trial Length,14 days,30-day trial (eliminates urgency),GA day setup,Standard SaaS + AI Products,pricing-packaging-at-launch,"30-day trials allow users to explore on Day 1 and forget by Day 5. 14 days forces immediate evaluation and drives pipeline velocity"
Trial Communication,Beta-to-Paid Notices,30-day + 14-day + 3-day notices,No advance notice or single email,Beta expiration period,Standard SaaS,beta-to-ga-rollout-plan,"Send 30-day, 14-day, and 3-day notices explaining exactly when beta discount expires"
Pricing,Billing Error Rate at GA,<1% on production upgrade transactions,>1% error rate on simulated upgrades,T-14 days — production environment,Standard SaaS + AI Products,product-launch-checklist,"Hard blocker: verify billing in PRODUCTION not sandbox. One team lost 8 hours of GA day revenue because sandbox billing passed but production webhook keys were misconfigured"
Pricing,Good-Better-Best Revenue Distribution (Better tier),~70% of product revenue,<50% in Better tier suggests ICP misalignment,90-day post-GA analysis,Standard SaaS,pricing-packaging-at-launch,"The 'Better' tier should serve the primary ICP and capture the majority of revenue. 'Best' functions as a price anchor"
GTM Lead Time,GTM Strategy Build Time,3-6 months before GA,Starting GTM in final 30 days before launch,Pre-development phase,Standard SaaS + AI Products,product-gtm-launch-strategy,"Rushing GTM into the final 30 days reduces the strategy to a tactical marketing checklist"
GTM Lead Time,T1 Launch Prep Start,8-12 weeks before GA,Starting less than 4 weeks before GA,Pre-launch phase,T1 Launches,product-launch-checklist,"Minimum 8-12 weeks for T1 (net-new product / market entry) releases to allow beta testing and enablement asset creation"
AI GTM,Published Task Completion Rate,Specific benchmarked rate (e.g. 92%),Claiming 100% success rate — enterprise buyers distrust it,Pre-launch AI eval publication,AI Products,gtm-for-ai-products,"Enterprise buyers know LLMs hallucinate. A specific rate with disclosed fallback process builds exponentially more credibility than perfect automation claims"
AI GTM,AI Feature Usage Cap at Launch,Explicit cap active on GA day,Launching with 'unlimited' generation,GA day,AI Products,pricing-packaging-at-launch + gtm-for-ai-products,"One team launched a flat $50/seat tier with no compute cap — a handful of power users destroyed gross margins within 72 hours. Always cap at launch; expand limits as cost-to-serve decreases"
Positioning,Time-to-First-Value (TTFV) — Repositioning Impact,<10 days (target after repositioning),>30 days TTFV indicates category mismatch,Measured post-repositioning,Standard SaaS,product-positioning-framework,"Reference case: an enterprise analytics product repositioned from 'Business Intelligence Platform' to 'Incident Resolution Analytics' — TTFV dropped from 40 days to 4 days and pipeline velocity doubled"
Positioning,Sales Cycle Length — Repositioning Impact,<half of original sales cycle,9+ month sales cycle indicates positioning failure,Measured post-repositioning,Standard SaaS,product-positioning-framework,"Same case: 80% deal loss rate in original positioning (competing on feature parity with PowerBI/Tableau); repositioning eliminated the category-leader comparison"
Support,Post-Launch Support Ticket Spike (acceptable),<20% increase over baseline,>40% spike indicates critical quality or UX failure,First 48-72 hours post-GA,Standard SaaS + AI Products,beta-to-ga-rollout-plan,"Reference: One team that dropped P2 bug exit criteria saw a 40% immediate support ticket spike on GA"
Scorecard,Executive Scorecard Primary Metric,Accounts reaching TTFV within 48 hours,'Total Registered Users' (vanity metric),First 48 hours post-GA,Standard SaaS + AI Products,launch-metrics-success-criteria,"Replace 'Total Registered Users' with 'Accounts Reaching TTFV within 48 hours' on the exec scorecard — the former masks churn behind top-of-funnel traffic"
